{"cameraMode":{"drawMode":0,"name":"Shaded","section":"Shading Mode"},"sceneLighting":true,"audioPlay":false,"sceneViewState":{"m_AlwaysRefresh":false,"showFog":true,"showSkybox":true,"showFlares":true,"showImageEffects":true,"showParticleSystems":true,"showVisualEffectGraphs":true,"m_FxEnabled":true},"in2DMode":false,"pivot":{"x":460.8393249511719,"y":235.58045959472657,"z":-12.053970336914063},"rotation":{"x":0.035995498299598697,"y":-0.0029981830157339575,"z":0.0001220756530528888,"w":0.9993678331375122},"size":280.9076232910156,"orthographic":false}